Happiness Rank,Freedom,Generosity,Trust (Government Corruption),Family,Happiness Score,Country,Health (Life Expectancy),Economy (GDP per Capita),Year_2015,Year_2016,Year_2017,Year_2018,Year_2019
1,0.66557,0.29678,0.41978,1.34951,7.587,Switzerland,0.94143,1.39651,1,0,0,0,0
2,0.62877,0.4363,0.14145,1.40223,7.561,Iceland,0.94784,1.30232,1,0,0,0,0
3,0.64938,0.34139,0.48357,1.36058,7.527,Denmark,0.87464,1.32548,1,0,0,0,0
4,0.66973,0.34699,0.36503,1.33095,7.522,Norway,0.88521,1.459,1,0,0,0,0
5,0.63297,0.45811,0.32957,1.32261,7.427,Canada,0.90563,1.32629,1,0,0,0,0
6,0.64169,0.23351,0.41372,1.31826,7.406,Finland,0.88911,1.29025,1,0,0,0,0
7,0.61576,0.4761,0.31814,1.28017,7.378,Netherlands,0.89284,1.32944,1,0,0,0,0
8,0.6598,0.36262,0.43844,1.28907,7.364,Sweden,0.91087,1.33171,1,0,0,0,0
9,0.63938,0.47501,0.42922,1.31967,7.286,New Zealand,0.90837,1.25018,1,0,0,0,0
10,0.65124,0.43562,0.35637,1.30923,7.284,Australia,0.93156,1.33358,1,0,0,0,0
11,0.41319,0.33172,0.07785,1.22393,7.278,Israel,0.91387,1.22857,1,0,0,0,0
12,0.63376,0.25497,0.10583,1.23788,7.226,Costa Rica,0.86027,0.95578,1,0,0,0,0
13,0.62433,0.33088,0.18676,1.29704,7.2,Austria,0.89042,1.33723,1,0,0,0,0
14,0.48181,0.14074,0.21312,0.91451,7.187,Mexico,0.81444,1.02054,1,0,0,0,0
15,0.54604,0.40105,0.1589,1.24711,7.119,United States,0.86179,1.39451,1,0,0,0,0
16,0.49049,0.14574,0.17521,1.23287,6.983,Brazil,0.69702,0.98124,1,0,0,0,0
17,0.61583,0.28034,0.37798,1.21963,6.946,Luxembourg,0.91894,1.56391,1,0,0,0,0
18,0.61777,0.45901,0.28703,1.36948,6.94,Ireland,0.89533,1.33596,1,0,0,0,0
19,0.5845,0.2225,0.2254,1.28566,6.937,Belgium,0.89667,1.30782,1,0,0,0,0
20,0.64157,0.26428,0.38583,1.12575,6.901,United Arab Emirates,0.80925,1.42727,1,0,0,0,0
21,0.59625,0.51912,0.32067,1.28548,6.867,United Kingdom,0.90943,1.26637,1,0,0,0,0
22,0.63274,0.21542,0.32524,1.08182,6.853,Oman,0.76276,1.36011,1,0,0,0,0
23,0.42908,0.05841,0.11069,1.25596,6.81,Venezuela,0.72052,1.04424,1,0,0,0,0
24,0.54252,0.31105,0.4921,1.02,6.798,Singapore,1.02525,1.52186,1,0,0,0,0
25,0.5421,0.24434,0.0927,1.1985,6.786,Panama,0.79661,1.06353,1,0,0,0,0
26,0.61477,0.28214,0.21843,1.29937,6.75,Germany,0.89186,1.32792,1,0,0,0,0
27,0.44132,0.33363,0.12869,1.12447,6.67,Chile,0.85857,1.10715,1,0,0,0,0
28,0.6404,0.32573,0.52208,1.0786,6.611,Qatar,0.79733,1.69042,1,0,0,0,0
29,0.55011,0.12332,0.20646,1.26038,6.575,France,0.94579,1.27778,1,0,0,0,0
30,0.44974,0.11451,0.08484,1.24823,6.574,Argentina,0.78723,1.05351,1,0,0,0,0
31,0.46364,0.10686,0.02652,1.20643,6.505,Czech Republic,0.84483,1.17898,1,0,0,0,0
32,0.60362,0.2324,0.24558,1.2089,6.485,Uruguay,0.8116,1.06166,1,0,0,0,0
33,0.53466,0.18401,0.0512,1.24018,6.477,Colombia,0.69077,0.91861,1,0,0,0,0
34,0.55664,0.5763,0.03187,1.26504,6.455,Thailand,0.7385,0.9669,1,0,0,0,0
35,0.31048,0.13706,0.32524,1.08393,6.411,Saudi Arabia,0.72025,1.39541,1,0,0,0,0
36,0.45951,0.18227,0.06398,1.31379,6.329,Spain,0.95562,1.23011,1,0,0,0,0
37,0.60365,0.51752,0.13586,1.30203,6.302,Malta,0.88721,1.2074,1,0,0,0,0
38,0.3974,0.25376,0.08129,1.07617,6.298,Taiwan,0.8753,1.29098,1,0,0,0,0
39,0.55499,0.16228,0.25609,1.16594,6.295,Kuwait,0.72492,1.55422,1,0,0,0,0
40,0.59657,0.16991,0.13633,0.972,6.269,Suriname,0.6082,0.99534,1,0,0,0,0
41,0.55884,0.31844,0.0114,1.18354,6.168,Trinidad and Tobago,0.61483,1.21183,1,0,0,0,0
42,0.4035,0.10692,0.11776,1.02507,6.13,El Salvador,0.67737,0.76454,1,0,0,0,0
43,0.57733,0.27489,0.09472,1.04356,6.123,Guatemala,0.64425,0.74553,1,0,0,0,0
44,0.65821,0.22837,0.30826,1.34043,6.003,Uzbekistan,0.59772,0.63244,1,0,0,0,0
45,0.31751,0.16893,0.03431,1.26999,5.995,Slovakia,0.78902,1.16891,1,0,0,0,0
46,0.49615,0.10705,0.1806,1.25712,5.987,Japan,0.99111,1.27074,1,0,0,0,0
47,0.33208,0.18557,0.07857,0.95774,5.984,South Korea,0.96538,1.24461,1,0,0,0,0
48,0.48574,0.11541,0.1809,0.99903,5.975,Ecuador,0.79075,0.86402,1,0,0,0,0
49,0.45492,0.17362,0.306,1.21624,5.96,Bahrain,0.74716,1.32376,1,0,0,0,0
50,0.26236,0.22823,0.02901,1.19777,5.948,Italy,0.95446,1.25114,1,0,0,0,0
51,0.57414,0.20536,0.088,0.97841,5.89,Bolivia,0.5392,0.68133,1,0,0,0,0
52,0.32818,0.20951,0.01615,1.01528,5.889,Moldova,0.61826,0.59448,1,0,0,0,0
53,0.53899,0.3424,0.08242,1.30477,5.878,Paraguay,0.66098,0.75985,1,0,0,0,0
54,0.51649,0.11827,0.08454,1.12241,5.855,Kazakhstan,0.64368,1.12254,1,0,0,0,0
55,0.60855,0.25328,0.03787,1.27385,5.848,Slovenia,0.87337,1.18498,1,0,0,0,0
56,0.21342,0.02641,0.01031,1.25745,5.833,Lithuania,0.73128,1.14723,1,0,0,0,0
57,0.55475,0.27815,0.19317,1.14184,5.828,Nicaragua,0.74314,0.59325,1,0,0,0,0
58,0.41496,0.14982,0.05989,0.97459,5.824,Peru,0.73017,0.90019,1,0,0,0,0
59,0.37938,0.11046,0.1909,1.23289,5.813,Belarus,0.73608,1.03192,1,0,0,0,0
60,0.53122,0.16759,0.04212,1.27948,5.791,Poland,0.77903,1.12555,1,0,0,0,0
61,0.53024,0.33075,0.10501,1.07023,5.77,Malaysia,0.72394,1.12486,1,0,0,0,0
62,0.25883,0.05444,0.0243,0.79624,5.759,Croatia,0.78805,1.08254,1,0,0,0,0
63,0.41668,0.18295,0.11023,1.11862,5.754,Libya,0.7038,1.13145,1,0,0,0,0
64,0.36679,0.00199,0.03005,1.23617,5.716,Russia,0.66926,1.13764,1,0,0,0,0
65,0.50442,0.2123,0.02299,1.15102,5.709,Jamaica,0.68741,0.81038,1,0,0,0,0
66,0.49027,0.26169,0.1428,1.07008,5.695,North Cyprus,0.92356,1.20806,1,0,0,0,0
67,0.40672,0.30638,0.06146,0.89318,5.689,Cyprus,0.92356,1.20813,1,0,0,0,0
68,0.28579,0.07822,0.17383,1.07772,5.605,Algeria,0.61766,0.93929,1,0,0,0,0
69,0.24749,0.2831,0.04741,0.81198,5.589,Kosovo,0.63132,0.80148,1,0,0,0,0
70,0.4761,0.16979,0.30844,1.22668,5.548,Turkmenistan,0.53886,0.95847,1,0,0,0,0
71,0.56066,0.37744,0.07521,0.98521,5.477,Mauritius,0.7095,1.00761,1,0,0,0,0
72,0.59608,0.39478,0.37124,1.05818,5.474,Hong Kong,1.01328,1.38604,1,0,0,0,0
73,0.44888,0.0868,0.15184,1.22791,5.429,Estonia,0.77361,1.15174,1,0,0,0,0
74,0.46611,0.51535,0.0,1.08708,5.399,Indonesia,0.63793,0.82827,1,0,0,0,0
75,0.59444,0.1686,0.10441,0.91226,5.36,Vietnam,0.74676,0.63216,1,0,0,0,0
76,0.22815,0.12253,0.15746,0.94632,5.332,Turkey,0.73172,1.06098,1,0,0,0,0
77,0.43477,0.3003,0.04232,1.15115,5.286,Kyrgyzstan,0.65088,0.47428,1,0,0,0,0
78,0.34334,0.27233,0.0403,0.90432,5.268,Nigeria,0.16007,0.65435,1,0,0,0,0
79,0.53206,0.47998,0.15445,1.10395,5.253,Bhutan,0.57407,0.77042,1,0,0,0,0
80,0.3703,0.07799,0.16065,0.93793,5.212,Azerbaijan,0.64045,1.02389,1,0,0,0,0
81,0.12102,0.33671,0.10464,0.41411,5.194,Pakistan,0.51466,0.59543,1,0,0,0,0
82,0.40661,0.11053,0.14293,1.05392,5.192,Jordan,0.69639,0.90198,1,0,0,0,0
82,0.1826,0.1614,0.14296,0.90557,5.192,Montenegro,0.72521,0.97438,1,0,0,0,0
84,0.51697,0.08185,0.02781,0.94675,5.14,China,0.81658,0.89012,1,0,0,0,0
85,0.48827,0.19591,0.12468,0.91612,5.129,Zambia,0.29924,0.47038,1,0,0,0,0
86,0.35068,0.13748,0.00649,0.88588,5.124,Romania,0.7689,1.04345,1,0,0,0,0
87,0.20107,0.19231,0.02617,1.00964,5.123,Serbia,0.74836,0.92053,1,0,0,0,0
88,0.51469,0.13719,0.01078,1.13935,5.102,Portugal,0.87519,1.15991,1,0,0,0,0
89,0.29671,0.18226,0.06332,1.09562,5.098,Latvia,0.72437,1.11312,1,0,0,0,0
90,0.62545,0.24991,0.12279,1.03516,5.073,Philippines,0.58114,0.70532,1,0,0,0,0
91,0.46582,0.50318,0.39928,0.95152,5.057,Somaliland region,0.43873,0.18847,1,0,0,0,0
92,0.41691,0.07172,0.08546,0.64095,5.013,Morocco,0.60954,0.73479,1,0,0,0,0
93,0.33457,0.22359,0.05327,1.00232,5.007,Macedonia,0.73545,0.91851,1,0,0,0,0
94,0.34037,0.22269,0.15603,1.02626,4.971,Mozambique,0.09131,0.08308,1,0,0,0,0
95,0.35733,0.14272,0.06413,0.80434,4.959,Albania,0.81325,0.87867,1,0,0,0,0
96,0.09245,0.24808,0.00227,0.91916,4.949,Bosnia and Herzegovina,0.79081,0.83223,1,0,0,0,0
97,0.31767,0.16388,0.12504,1.04103,4.898,Lesotho,0.07612,0.37545,1,0,0,0,0
98,0.57672,0.21684,0.14234,1.17202,4.885,Dominican Republic,0.66825,0.89537,1,0,0,0,0
99,0.59591,0.42192,0.24249,0.73803,4.876,Laos,0.54909,0.59066,1,0,0,0,0
100,0.43626,0.3323,0.02666,1.3006,4.874,Mongolia,0.60268,0.82819,1,0,0,0,0
101,0.30658,0.18259,0.0306,1.07284,4.867,Swaziland,0.07566,0.71206,1,0,0,0,0
102,0.07699,0.0,0.01397,0.92933,4.857,Greece,0.88213,1.15406,1,0,0,0,0
103,0.33916,0.21854,0.04582,0.80001,4.839,Lebanon,0.83947,1.02564,1,0,0,0,0
104,0.32112,0.128,0.02758,1.20215,4.8,Hungary,0.75905,1.12094,1,0,0,0,0
105,0.40148,0.23027,0.06825,0.95348,4.788,Honduras,0.6951,0.59532,1,0,0,0,0
106,0.47216,0.22974,0.15072,0.85563,4.786,Tajikistan,0.57379,0.39047,1,0,0,0,0
107,0.26268,0.06431,0.06358,0.60429,4.739,Tunisia,0.73793,0.88113,1,0,0,0,0
108,0.24499,0.11251,0.12905,0.92558,4.715,Palestinian Territories,0.66015,0.59867,1,0,0,0,0
109,0.4082,0.21222,0.12569,0.43106,4.694,Bangladesh,0.60164,0.39753,1,0,0,0,0
110,0.30033,0.38086,0.05863,0.54447,4.686,Iran,0.69805,1.0088,1,0,0,0,0
111,0.25123,0.15275,0.02961,1.20278,4.681,Ukraine,0.6739,0.79907,1,0,0,0,0
112,0.0,0.17922,0.13788,0.81889,4.677,Iraq,0.60237,0.98549,1,0,0,0,0
113,0.33207,0.11973,0.08884,1.18468,4.642,South Africa,0.27688,0.92049,1,0,0,0,0
114,0.42342,0.23087,0.04355,0.67954,4.633,Ghana,0.40132,0.54558,1,0,0,0,0
115,0.25861,0.18987,0.08079,1.03276,4.61,Zimbabwe,0.33475,0.271,1,0,0,0,0
116,0.28531,0.24362,0.06232,0.78968,4.571,Liberia,0.34201,0.0712,1,0,0,0,0
117,0.39786,0.26475,0.08492,0.38174,4.565,India,0.51529,0.64499,1,0,0,0,0
118,0.10081,0.19062,0.1466,1.01404,4.55,Sudan,0.36878,0.52107,1,0,0,0,0
119,0.24425,0.46187,0.17175,0.74302,4.518,Haiti,0.38847,0.26673,1,0,0,0,0
120,0.22605,0.24834,0.07625,1.0012,4.517,Congo (Kinshasa),0.09806,0.0,1,0,0,0,0
121,0.38282,0.32296,0.05907,0.86449,4.514,Nepal,0.56874,0.35997,1,0,0,0,0
122,0.4345,0.24325,0.15048,0.60406,4.512,Ethiopia,0.44055,0.19073,1,0,0,0,0
123,0.4084,0.21488,0.08786,0.95571,4.507,Sierra Leone,0.0,0.33024,1,0,0,0,0
124,0.24232,0.219,0.17461,0.86908,4.436,Mauritania,0.35874,0.45407,1,0,0,0,0
125,0.42215,0.37542,0.05839,0.99876,4.419,Kenya,0.41435,0.36471,1,0,0,0,0
126,0.46074,0.18093,0.28105,0.59207,4.369,Djibouti,0.36291,0.44025,1,0,0,0,0
127,0.19847,0.07855,0.039,0.77711,4.35,Armenia,0.7299,0.76821,1,0,0,0,0
128,0.49495,0.10461,0.12474,1.10464,4.332,Botswana,0.04776,0.99355,1,0,0,0,0
129,0.44017,0.79588,0.19034,0.70905,4.307,Myanmar,0.48246,0.27108,1,0,0,0,0
130,0.40577,0.05547,0.38331,0.38562,4.297,Georgia,0.72926,0.7419,1,0,0,0,0
131,0.43054,0.33128,0.06977,0.41134,4.292,Malawi,0.22562,0.01604,1,0,0,0,0
132,0.53726,0.40828,0.09179,1.01905,4.271,Sri Lanka,0.70806,0.83524,1,0,0,0,0
133,0.49309,0.20618,0.05786,0.88767,4.252,Cameroon,0.23402,0.4225,1,0,0,0,0
134,0.30587,0.11921,0.00872,1.10614,4.218,Bulgaria,0.76649,1.01216,1,0,0,0,0
135,0.17288,0.11291,0.06324,0.747,4.194,Egypt,0.61712,0.8818,1,0,0,0,0
136,0.35571,0.09131,0.07854,0.68093,4.077,Yemen,0.40064,0.54649,1,0,0,0,0
137,0.10384,0.12344,0.07122,0.8604,4.033,Angola,0.16683,0.75778,1,0,0,0,0
138,0.38857,0.18798,0.12352,1.03526,3.995,Mali,0.20583,0.26074,1,0,0,0,0
139,0.41466,0.12388,0.11686,0.6629,3.989,Congo (Brazzaville),0.31051,0.67866,1,0,0,0,0
140,0.22917,0.17441,0.199,0.79273,3.956,Comoros,0.36315,0.23906,1,0,0,0,0
141,0.45727,0.29066,0.07267,1.13299,3.931,Uganda,0.33861,0.21102,1,0,0,0,0
142,0.36772,0.20843,0.10713,0.97619,3.904,Senegal,0.4354,0.36498,1,0,0,0,0
143,0.31914,0.06822,0.11091,0.90528,3.896,Gabon,0.43372,1.06024,1,0,0,0,0
144,0.47692,0.19387,0.15639,0.77265,3.845,Niger,0.29707,0.0694,1,0,0,0,0
145,0.66246,0.40359,0.07247,0.62736,3.819,Cambodia,0.61114,0.46038,1,0,0,0,0
146,0.32878,0.34377,0.05747,1.00268,3.781,Tanzania,0.38215,0.2852,1,0,0,0,0
147,0.19184,0.21333,0.08124,0.66801,3.681,Madagascar,0.46721,0.20824,1,0,0,0,0
148,0.48879,0.23835,0.08289,0.0,3.678,Central African Republic,0.06699,0.0785,1,0,0,0,0
149,0.23501,0.18386,0.05269,0.76062,3.667,Chad,0.1501,0.34193,1,0,0,0,0
150,0.37725,0.28657,0.12139,0.46475,3.656,Guinea,0.24009,0.17417,1,0,0,0,0
151,0.46866,0.20165,0.17922,0.77115,3.655,Ivory Coast,0.15185,0.46534,1,0,0,0,0
152,0.39493,0.21747,0.12832,0.85188,3.587,Burkina Faso,0.27125,0.25812,1,0,0,0,0
153,0.23414,0.3651,0.09719,0.30285,3.575,Afghanistan,0.30335,0.31982,1,0,0,0,0
154,0.59201,0.22628,0.55191,0.7737,3.465,Rwanda,0.42864,0.22208,1,0,0,0,0
155,0.4845,0.1826,0.0801,0.35386,3.34,Benin,0.3191,0.28665,1,0,0,0,0
156,0.15684,0.47179,0.18906,0.47489,3.006,Syria,0.72193,0.6632,1,0,0,0,0
157,0.1185,0.19727,0.10062,0.41587,2.905,Burundi,0.22396,0.0153,1,0,0,0,0
158,0.36453,0.16681,0.10731,0.13995,2.839,Togo,0.28443,0.20868,1,0,0,0,0
1,0.57941,0.36171,0.44453,1.16374,7.526,Denmark,0.79504,1.44178,0,1,0,0,0
2,0.58557,0.28083,0.41203,1.14524,7.509,Switzerland,0.86303,1.52733,0,1,0,0,0
3,0.56624,0.47678,0.14975,1.18326,7.501,Iceland,0.86733,1.42666,0,1,0,0,0
4,0.59609,0.37895,0.35776,1.1269,7.498,Norway,0.79579,1.57744,0,1,0,0,0
5,0.57104,0.25492,0.41004,1.13464,7.413,Finland,0.81091,1.40598,0,1,0,0,0
6,0.5737,0.44834,0.31329,1.0961,7.404,Canada,0.8276,1.44015,0,1,0,0,0
7,0.55211,0.47416,0.29927,1.02912,7.339,Netherlands,0.81231,1.46468,0,1,0,0,0
8,0.58147,0.49401,0.41904,1.17278,7.334,New Zealand,0.83096,1.36066,0,1,0,0,0
9,0.56837,0.47407,0.32331,1.10476,7.313,Australia,0.8512,1.44443,0,1,0,0,0
10,0.58218,0.38254,0.40867,1.08764,7.291,Sweden,0.83121,1.45181,0,1,0,0,0
11,0.36432,0.32288,0.08728,0.99537,7.267,Israel,0.84917,1.33766,0,1,0,0,0
12,0.54355,0.32865,0.21348,1.08383,7.119,Austria,0.80565,1.45038,0,1,0,0,0
13,0.48163,0.41077,0.14868,1.04782,7.104,United States,0.779,1.50796,0,1,0,0,0
14,0.55225,0.22553,0.10547,1.02152,7.087,Costa Rica,0.76146,1.06879,0,1,0,0,0
15,0.46823,0.22202,0.12275,1.08113,7.039,Puerto Rico,0.77758,1.35943,0,1,0,0,0
16,0.53466,0.30452,0.28551,1.09774,6.994,Germany,0.81487,1.44787,0,1,0,0,0
17,0.40425,0.15776,0.14166,1.03938,6.952,Brazil,0.61415,1.08754,0,1,0,0,0
18,0.51354,0.2424,0.26248,1.05249,6.929,Belgium,0.81959,1.42539,0,1,0,0,0
19,0.54008,0.44963,0.29754,1.16157,6.907,Ireland,0.81455,1.48341,0,1,0,0,0
20,0.5487,0.27571,0.35329,1.03999,6.871,Luxembourg,0.84542,1.69752,0,1,0,0,0
21,0.37709,0.11735,0.18355,0.7146,6.778,Mexico,0.71143,1.11508,0,1,0,0,0
22,0.4877,0.32706,0.46987,0.86758,6.739,Singapore,0.94719,1.64555,0,1,0,0,0
23,0.50036,0.50156,0.27399,1.08672,6.725,United Kingdom,0.80991,1.40283,0,1,0,0,0
24,0.37789,0.31595,0.11451,0.90587,6.705,Chile,0.81883,1.2167,0,1,0,0,0
25,0.48927,0.2418,0.08423,0.98912,6.701,Panama,0.70835,1.18306,0,1,0,0,0
26,0.42284,0.10989,0.07296,1.06612,6.65,Argentina,0.69711,1.15137,0,1,0,0,0
27,0.41418,0.09929,0.03986,1.00793,6.596,Czech Republic,0.76376,1.30915,0,1,0,0,0
28,0.56215,0.26591,0.35561,0.87114,6.573,United Arab Emirates,0.72993,1.57352,0,1,0,0,0
29,0.54388,0.18056,0.21394,1.03143,6.545,Uruguay,0.72183,1.18157,0,1,0,0,0
30,0.54994,0.56237,0.17554,1.09879,6.488,Malta,0.80315,1.30782,0,1,0,0,0
31,0.44735,0.15626,0.05399,1.02169,6.481,Colombia,0.59659,1.03032,0,1,0,0,0
32,0.46562,0.1216,0.17808,1.00508,6.478,France,0.83795,1.39488,0,1,0,0,0
33,0.49553,0.58696,0.02833,1.04477,6.474,Thailand,0.64915,1.0893,0,1,0,0,0
34,0.37904,0.15457,0.30008,0.84829,6.379,Saudi Arabia,0.59267,1.48953,0,1,0,0,0
34,0.32377,0.25495,0.0663,0.92624,6.379,Taiwan,0.79565,1.39729,0,1,0,0,0
36,0.56679,0.32388,0.48049,0.87964,6.375,Qatar,0.71723,1.82427,0,1,0,0,0
37,0.37545,0.17665,0.06137,1.12945,6.361,Spain,0.87896,1.34253,0,1,0,0,0
38,0.21006,0.07044,0.16157,0.83309,6.355,Algeria,0.61804,1.05266,0,1,0,0,0
39,0.50379,0.28808,0.08701,0.87119,6.324,Guatemala,0.54039,0.83454,0,1,0,0,0
40,0.52234,0.16665,0.12692,0.77866,6.269,Suriname,0.50933,1.09686,0,1,0,0,0
41,0.43166,0.15965,0.23669,0.87758,6.239,Kuwait,0.63569,1.61714,0,1,0,0,0
42,0.47375,0.17147,0.25772,0.94397,6.218,Bahrain,0.65696,1.44024,0,1,0,0,0
43,0.48453,0.31935,0.01241,0.98569,6.168,Trinidad and Tobago,0.52608,1.32572,0,1,0,0,0
44,0.19847,0.0425,0.08304,1.03302,6.084,Venezuela,0.61904,1.13367,0,1,0,0,0
45,0.23391,0.13837,0.02947,1.08268,6.078,Slovakia,0.70367,1.27973,0,1,0,0,0
46,0.37269,0.08877,0.10613,0.80975,6.068,El Salvador,0.596,0.8737,0,1,0,0,0
47,0.39031,0.41474,0.09081,0.88025,6.005,Malaysia,0.62366,1.25142,0,1,0,0,0
48,0.46582,0.29773,0.16292,0.89521,5.992,Nicaragua,0.65213,0.69384,0,1,0,0,0
49,0.60848,0.34326,0.28333,1.1681,5.987,Uzbekistan,0.50163,0.73591,0,1,0,0,0
50,0.18827,0.16684,0.02556,1.04167,5.977,Italy,0.85102,1.35495,0,1,0,0,0
51,0.4027,0.10074,0.18037,0.85974,5.976,Ecuador,0.68613,0.97306,0,1,0,0,0
52,0.51231,0.23684,0.10771,0.68655,5.956,Belize,0.45569,0.87616,0,1,0,0,0
53,0.46761,0.10224,0.18985,1.06054,5.921,Japan,0.91491,1.38007,0,1,0,0,0
54,0.4052,0.15011,0.11132,0.95544,5.919,Kazakhstan,0.57386,1.22943,0,1,0,0,0
55,0.25202,0.19997,0.01903,0.83132,5.897,Moldova,0.52309,0.69177,0,1,0,0,0
56,0.32682,0.02736,0.03586,1.05261,5.856,Russia,0.58991,1.23228,0,1,0,0,0
57,0.4519,0.14443,0.055,1.04685,5.835,Poland,0.69058,1.24585,0,1,0,0,0
57,0.25168,0.18824,0.07716,0.72194,5.835,South Korea,0.88645,1.35948,0,1,0,0,0
59,0.50961,0.21698,0.07746,0.83779,5.822,Bolivia,0.4697,0.79422,0,1,0,0,0
60,0.18929,0.02025,0.0182,1.06411,5.813,Lithuania,0.64674,1.2692,0,1,0,0,0
61,0.29091,0.13942,0.17457,1.04993,5.802,Belarus,0.63104,1.13062,0,1,0,0,0
62,0.43596,0.26322,0.16578,0.81826,5.771,North Cyprus,0.84142,1.31141,0,1,0,0,0
63,0.53164,0.25738,0.03635,1.05613,5.768,Slovenia,0.79151,1.29947,0,1,0,0,0
64,0.37502,0.14527,0.05292,0.81255,5.743,Peru,0.62994,0.99602,0,1,0,0,0
65,0.37408,0.22567,0.28467,1.03817,5.658,Turkmenistan,0.44006,1.08017,0,1,0,0,0
66,0.46145,0.36951,0.05203,0.75695,5.648,Mauritius,0.66189,1.14372,0,1,0,0,0
67,0.40672,0.17087,0.10339,0.95076,5.615,Libya,0.52304,1.06688,0,1,0,0,0
68,0.27996,0.17445,0.0889,0.95025,5.56,Latvia,0.63952,1.21788,0,1,0,0,0
69,0.29507,0.27906,0.05228,0.70697,5.546,Cyprus,0.8488,1.31857,0,1,0,0,0
70,0.46235,0.25296,0.07396,1.11111,5.538,Paraguay,0.58295,0.89373,0,1,0,0,0
71,0.36712,0.12889,0.00679,0.72803,5.528,Romania,0.67602,1.1697,0,1,0,0,0
72,0.41511,0.08423,0.18519,1.05163,5.517,Estonia,0.68098,1.27964,0,1,0,0,0
73,0.43597,0.22245,0.04294,0.96372,5.51,Jamaica,0.59469,0.89333,0,1,0,0,0
74,0.23907,0.18434,0.04002,0.60809,5.488,Croatia,0.70524,1.18649,0,1,0,0,0
75,0.48079,0.40097,0.31647,0.87021,5.458,Hong Kong,0.95277,1.5107,0,1,0,0,0
76,0.56778,0.27225,0.3118,0.33613,5.44,Somalia,0.11466,0.0,0,1,0,0,0
77,0.14396,0.27992,0.06547,0.66062,5.401,Kosovo,0.54,0.90145,0,1,0,0,0
78,0.23889,0.04707,0.12348,0.87717,5.389,Turkey,0.64718,1.16492,0,1,0,0,0
79,0.39237,0.56521,0.00322,0.87625,5.314,Indonesia,0.49374,0.95104,0,1,0,0,0
80,0.36023,0.14262,0.13297,0.86216,5.303,Jordan,0.60712,0.99673,0,1,0,0,0
81,0.35327,0.0564,0.17914,0.76042,5.291,Azerbaijan,0.54504,1.12373,0,1,0,0,0
82,0.54854,0.21674,0.11757,0.87877,5.279,Philippines,0.47036,0.81217,0,1,0,0,0
83,0.44012,0.04959,0.02745,0.79381,5.245,China,0.73561,1.0278,0,1,0,0,0
84,0.46074,0.48546,0.1616,0.90836,5.196,Bhutan,0.49759,0.8527,0,1,0,0,0
85,0.40212,0.38432,0.04762,0.95434,5.185,Kyrgyzstan,0.55449,0.56044,0,1,0,0,0
86,0.15718,0.20737,0.04339,0.81329,5.177,Serbia,0.6458,1.03437,0,1,0,0,0
87,0.09511,0.29889,0.0,0.64367,5.163,Bosnia and Herzegovina,0.70766,0.93383,0,1,0,0,0
88,0.15111,0.17191,0.12721,0.74173,5.161,Montenegro,0.63533,1.07838,0,1,0,0,0
89,0.52259,0.21286,0.12372,0.99496,5.155,Dominican Republic,0.57669,1.02787,0,1,0,0,0
90,0.25646,0.04053,0.08404,0.38595,5.151,Morocco,0.59471,0.84058,0,1,0,0,0
91,0.1977,0.099,0.04472,0.93164,5.145,Hungary,0.67608,1.24142,0,1,0,0,0
92,0.14622,0.31185,0.1388,0.26135,5.132,Pakistan,0.40306,0.68816,0,1,0,0,0
93,0.26228,0.23693,0.03061,0.64184,5.129,Lebanon,0.76171,1.12268,0,1,0,0,0
94,0.44727,0.11691,0.01521,0.94367,5.123,Portugal,0.79363,1.27607,0,1,0,0,0
95,0.27668,0.23507,0.07047,0.78236,5.121,Macedonia,0.64738,1.0193,0,1,0,0,0
96,0.55954,0.25075,0.11556,0.79117,5.061,Vietnam,0.66157,0.74037,0,1,0,0,0
97,0.3913,0.51479,0.36794,0.75862,5.057,Somaliland Region,0.33108,0.25558,0,1,0,0,0
98,0.23553,0.03936,0.0817,0.43165,5.045,Tunisia,0.59577,0.97724,0,1,0,0,0
99,0.05822,0.0,0.04127,0.75473,5.033,Greece,0.80029,1.24886,0,1,0,0,0
100,0.43408,0.25998,0.13509,0.75602,4.996,Tajikistan,0.53119,0.48835,0,1,0,0,0
101,0.35972,0.34539,0.03285,1.08983,4.907,Mongolia,0.55469,0.98853,0,1,0,0,0
102,0.52168,0.43079,0.22423,0.5497,4.876,Laos,0.38291,0.68042,0,1,0,0,0
103,0.27854,0.23219,0.0305,0.64498,4.875,Nigeria,0.05108,0.75216,0,1,0,0,0
104,0.26755,0.2044,0.06906,0.75596,4.871,Honduras,0.58383,0.69429,0,1,0,0,0
105,0.22544,0.38538,0.0557,0.38857,4.813,Iran,0.64232,1.11758,0,1,0,0,0
106,0.42662,0.17866,0.11479,0.6376,4.795,Zambia,0.23573,0.61202,0,1,0,0,0
107,0.37012,0.3816,0.07008,0.69699,4.793,Nepal,0.50073,0.44626,0,1,0,0,0
108,0.17744,0.11154,0.10613,0.71629,4.754,Palestinian Territories,0.56844,0.67024,0,1,0,0,0
109,0.31866,0.1684,0.05301,0.50163,4.655,Albania,0.73007,0.9553,0,1,0,0,0
110,0.39778,0.19132,0.12583,0.24749,4.643,Bangladesh,0.52989,0.54177,0,1,0,0,0
111,0.30685,0.23897,0.08196,0.628,4.635,Sierra Leone,0.0,0.36485,0,1,0,0,0
112,0.24856,0.19589,0.13636,0.59205,4.575,Iraq,0.51076,1.07474,0,1,0,0,0
113,0.48614,0.07795,0.10398,0.70362,4.574,Namibia,0.34745,0.93287,0,1,0,0,0
114,0.42736,0.2268,0.06126,0.62542,4.513,Cameroon,0.12698,0.52497,0,1,0,0,0
115,0.36703,0.29522,0.1717,0.37932,4.508,Ethiopia,0.34578,0.29283,0,1,0,0,0
116,0.42483,0.13656,0.08415,0.96053,4.459,South Africa,0.18611,1.02416,0,1,0,0,0
117,0.50817,0.46978,0.07964,0.84783,4.415,Sri Lanka,0.62007,0.97318,0,1,0,0,0
118,0.40285,0.25028,0.08722,0.29247,4.404,India,0.45091,0.74036,0,1,0,0,0
119,0.42692,0.81971,0.20243,0.69981,4.395,Myanmar,0.3988,0.34112,0,1,0,0,0
120,0.18847,0.12706,0.10393,0.49813,4.362,Egypt,0.52116,0.95395,0,1,0,0,0
121,0.14037,0.07793,0.03616,0.62477,4.36,Armenia,0.64083,0.86086,0,1,0,0,0
122,0.40576,0.41328,0.06686,0.7624,4.356,Kenya,0.30147,0.52267,0,1,0,0,0
123,0.12859,0.20363,0.01829,1.01413,4.324,Ukraine,0.58628,0.87287,0,1,0,0,0
124,0.40973,0.21203,0.0326,0.49353,4.276,Ghana,0.29681,0.63107,0,1,0,0,0
125,0.15602,0.25458,0.06075,0.80676,4.272,Congo (Kinshasa),0.188,0.05661,0,1,0,0,0
126,0.32461,0.06786,0.3188,0.19249,4.252,Georgia,0.64035,0.83792,0,1,0,0,0
127,0.37938,0.12077,0.09753,0.47799,4.236,Congo (Brazzaville),0.28212,0.77109,0,1,0,0,0
128,0.31056,0.19103,0.11681,0.77416,4.219,Senegal,0.40457,0.44314,0,1,0,0,0
129,0.21219,0.12793,0.00615,0.92542,4.217,Bulgaria,0.67806,1.11306,0,1,0,0,0
130,0.1268,0.22686,0.17955,0.84142,4.201,Mauritania,0.28639,0.61391,0,1,0,0,0
131,0.25429,0.18503,0.08582,0.71478,4.193,Zimbabwe,0.1595,0.35041,0,1,0,0,0
132,0.4143,0.30968,0.07564,0.147,4.156,Malawi,0.29364,0.08709,0,1,0,0,0
133,0.0,0.18077,0.10039,0.81928,4.139,Sudan,0.29759,0.63069,0,1,0,0,0
134,0.28098,0.06244,0.09314,0.72368,4.121,Gabon,0.3494,1.15851,0,1,0,0,0
135,0.27544,0.21064,0.13647,0.86333,4.073,Mali,0.16347,0.31292,0,1,0,0,0
136,0.12072,0.47958,0.14476,0.29561,4.028,Haiti,0.27494,0.34097,0,1,0,0,0
137,0.44089,0.12425,0.10769,0.89186,3.974,Botswana,0.34752,1.09426,0,1,0,0,0
138,0.15412,0.1827,0.18437,0.60323,3.956,Comoros,0.29981,0.27509,0,1,0,0,0
139,0.40663,0.20338,0.1553,0.57576,3.916,Ivory Coast,0.04476,0.55507,0,1,0,0,0
140,0.58852,0.40339,0.08092,0.5375,3.907,Cambodia,0.42494,0.55604,0,1,0,0,0
141,0.00589,0.12071,0.08434,0.66366,3.866,Angola,0.04991,0.84731,0,1,0,0,0
142,0.38041,0.2097,0.17176,0.6053,3.856,Niger,0.26162,0.1327,0,1,0,0,0
143,0.19662,0.25899,0.13015,0.18519,3.832,South Sudan,0.15781,0.39394,0,1,0,0,0
144,0.12807,0.18667,0.04952,0.63178,3.763,Chad,0.03824,0.42214,0,1,0,0,0
145,0.3337,0.24353,0.12533,0.63054,3.739,Burkina Faso,0.21297,0.31995,0,1,0,0,0
145,0.43653,0.27102,0.06442,0.90981,3.739,Uganda,0.19625,0.34719,0,1,0,0,0
147,0.2287,0.09821,0.05892,0.47493,3.724,Yemen,0.31048,0.57939,0,1,0,0,0
148,0.13684,0.2204,0.07506,0.46115,3.695,Madagascar,0.37109,0.27954,0,1,0,0,0
149,0.3176,0.31472,0.05099,0.77623,3.666,Tanzania,0.357,0.47155,0,1,0,0,0
150,0.25748,0.24063,0.04852,0.50353,3.622,Liberia,0.23165,0.10706,0,1,0,0,0
151,0.30953,0.29914,0.1192,0.3109,3.607,Guinea,0.18829,0.22415,0,1,0,0,0
152,0.5432,0.23552,0.50521,0.61586,3.515,Rwanda,0.31865,0.32846,0,1,0,0,0
153,0.39747,0.2018,0.06681,0.10419,3.484,Benin,0.21028,0.39499,0,1,0,0,0
154,0.1643,0.31268,0.07112,0.11037,3.36,Afghanistan,0.17344,0.38227,0,1,0,0,0
155,0.34678,0.17517,0.11587,0.0,3.303,Togo,0.24811,0.28123,0,1,0,0,0
156,0.06912,0.48397,0.17233,0.14866,3.069,Syria,0.62994,0.74719,0,1,0,0,0
157,0.0432,0.2029,0.09419,0.23442,2.905,Burundi,0.15747,0.06831,0,1,0,0,0
1,0.57941,0.36171,0.44453,1.16374,7.526,Denmark,0.79504,1.44178,0,0,1,0,0
2,0.58557,0.28083,0.41203,1.14524,7.509,Switzerland,0.86303,1.52733,0,0,1,0,0
3,0.56624,0.47678,0.14975,1.18326,7.501,Iceland,0.86733,1.42666,0,0,1,0,0
4,0.59609,0.37895,0.35776,1.1269,7.498,Norway,0.79579,1.57744,0,0,1,0,0
5,0.57104,0.25492,0.41004,1.13464,7.413,Finland,0.81091,1.40598,0,0,1,0,0
6,0.5737,0.44834,0.31329,1.0961,7.404,Canada,0.8276,1.44015,0,0,1,0,0
7,0.55211,0.47416,0.29927,1.02912,7.339,Netherlands,0.81231,1.46468,0,0,1,0,0
8,0.58147,0.49401,0.41904,1.17278,7.334,New Zealand,0.83096,1.36066,0,0,1,0,0
9,0.56837,0.47407,0.32331,1.10476,7.313,Australia,0.8512,1.44443,0,0,1,0,0
10,0.58218,0.38254,0.40867,1.08764,7.291,Sweden,0.83121,1.45181,0,0,1,0,0
11,0.36432,0.32288,0.08728,0.99537,7.267,Israel,0.84917,1.33766,0,0,1,0,0
12,0.54355,0.32865,0.21348,1.08383,7.119,Austria,0.80565,1.45038,0,0,1,0,0
13,0.48163,0.41077,0.14868,1.04782,7.104,United States,0.779,1.50796,0,0,1,0,0
14,0.55225,0.22553,0.10547,1.02152,7.087,Costa Rica,0.76146,1.06879,0,0,1,0,0
15,0.46823,0.22202,0.12275,1.08113,7.039,Puerto Rico,0.77758,1.35943,0,0,1,0,0
16,0.53466,0.30452,0.28551,1.09774,6.994,Germany,0.81487,1.44787,0,0,1,0,0
17,0.40425,0.15776,0.14166,1.03938,6.952,Brazil,0.61415,1.08754,0,0,1,0,0
18,0.51354,0.2424,0.26248,1.05249,6.929,Belgium,0.81959,1.42539,0,0,1,0,0
19,0.54008,0.44963,0.29754,1.16157,6.907,Ireland,0.81455,1.48341,0,0,1,0,0
20,0.5487,0.27571,0.35329,1.03999,6.871,Luxembourg,0.84542,1.69752,0,0,1,0,0
21,0.37709,0.11735,0.18355,0.7146,6.778,Mexico,0.71143,1.11508,0,0,1,0,0
22,0.4877,0.32706,0.46987,0.86758,6.739,Singapore,0.94719,1.64555,0,0,1,0,0
23,0.50036,0.50156,0.27399,1.08672,6.725,United Kingdom,0.80991,1.40283,0,0,1,0,0
24,0.37789,0.31595,0.11451,0.90587,6.705,Chile,0.81883,1.2167,0,0,1,0,0
25,0.48927,0.2418,0.08423,0.98912,6.701,Panama,0.70835,1.18306,0,0,1,0,0
26,0.42284,0.10989,0.07296,1.06612,6.65,Argentina,0.69711,1.15137,0,0,1,0,0
27,0.41418,0.09929,0.03986,1.00793,6.596,Czech Republic,0.76376,1.30915,0,0,1,0,0
28,0.56215,0.26591,0.35561,0.87114,6.573,United Arab Emirates,0.72993,1.57352,0,0,1,0,0
29,0.54388,0.18056,0.21394,1.03143,6.545,Uruguay,0.72183,1.18157,0,0,1,0,0
30,0.54994,0.56237,0.17554,1.09879,6.488,Malta,0.80315,1.30782,0,0,1,0,0
31,0.44735,0.15626,0.05399,1.02169,6.481,Colombia,0.59659,1.03032,0,0,1,0,0
32,0.46562,0.1216,0.17808,1.00508,6.478,France,0.83795,1.39488,0,0,1,0,0
33,0.49553,0.58696,0.02833,1.04477,6.474,Thailand,0.64915,1.0893,0,0,1,0,0
34,0.37904,0.15457,0.30008,0.84829,6.379,Saudi Arabia,0.59267,1.48953,0,0,1,0,0
34,0.32377,0.25495,0.0663,0.92624,6.379,Taiwan,0.79565,1.39729,0,0,1,0,0
36,0.56679,0.32388,0.48049,0.87964,6.375,Qatar,0.71723,1.82427,0,0,1,0,0
37,0.37545,0.17665,0.06137,1.12945,6.361,Spain,0.87896,1.34253,0,0,1,0,0
38,0.21006,0.07044,0.16157,0.83309,6.355,Algeria,0.61804,1.05266,0,0,1,0,0
39,0.50379,0.28808,0.08701,0.87119,6.324,Guatemala,0.54039,0.83454,0,0,1,0,0
40,0.52234,0.16665,0.12692,0.77866,6.269,Suriname,0.50933,1.09686,0,0,1,0,0
41,0.43166,0.15965,0.23669,0.87758,6.239,Kuwait,0.63569,1.61714,0,0,1,0,0
42,0.47375,0.17147,0.25772,0.94397,6.218,Bahrain,0.65696,1.44024,0,0,1,0,0
43,0.48453,0.31935,0.01241,0.98569,6.168,Trinidad and Tobago,0.52608,1.32572,0,0,1,0,0
44,0.19847,0.0425,0.08304,1.03302,6.084,Venezuela,0.61904,1.13367,0,0,1,0,0
45,0.23391,0.13837,0.02947,1.08268,6.078,Slovakia,0.70367,1.27973,0,0,1,0,0
46,0.37269,0.08877,0.10613,0.80975,6.068,El Salvador,0.596,0.8737,0,0,1,0,0
47,0.39031,0.41474,0.09081,0.88025,6.005,Malaysia,0.62366,1.25142,0,0,1,0,0
48,0.46582,0.29773,0.16292,0.89521,5.992,Nicaragua,0.65213,0.69384,0,0,1,0,0
49,0.60848,0.34326,0.28333,1.1681,5.987,Uzbekistan,0.50163,0.73591,0,0,1,0,0
50,0.18827,0.16684,0.02556,1.04167,5.977,Italy,0.85102,1.35495,0,0,1,0,0
51,0.4027,0.10074,0.18037,0.85974,5.976,Ecuador,0.68613,0.97306,0,0,1,0,0
52,0.51231,0.23684,0.10771,0.68655,5.956,Belize,0.45569,0.87616,0,0,1,0,0
53,0.46761,0.10224,0.18985,1.06054,5.921,Japan,0.91491,1.38007,0,0,1,0,0
54,0.4052,0.15011,0.11132,0.95544,5.919,Kazakhstan,0.57386,1.22943,0,0,1,0,0
55,0.25202,0.19997,0.01903,0.83132,5.897,Moldova,0.52309,0.69177,0,0,1,0,0
56,0.32682,0.02736,0.03586,1.05261,5.856,Russia,0.58991,1.23228,0,0,1,0,0
57,0.4519,0.14443,0.055,1.04685,5.835,Poland,0.69058,1.24585,0,0,1,0,0
57,0.25168,0.18824,0.07716,0.72194,5.835,South Korea,0.88645,1.35948,0,0,1,0,0
59,0.50961,0.21698,0.07746,0.83779,5.822,Bolivia,0.4697,0.79422,0,0,1,0,0
60,0.18929,0.02025,0.0182,1.06411,5.813,Lithuania,0.64674,1.2692,0,0,1,0,0
61,0.29091,0.13942,0.17457,1.04993,5.802,Belarus,0.63104,1.13062,0,0,1,0,0
62,0.43596,0.26322,0.16578,0.81826,5.771,North Cyprus,0.84142,1.31141,0,0,1,0,0
63,0.53164,0.25738,0.03635,1.05613,5.768,Slovenia,0.79151,1.29947,0,0,1,0,0
64,0.37502,0.14527,0.05292,0.81255,5.743,Peru,0.62994,0.99602,0,0,1,0,0
65,0.37408,0.22567,0.28467,1.03817,5.658,Turkmenistan,0.44006,1.08017,0,0,1,0,0
66,0.46145,0.36951,0.05203,0.75695,5.648,Mauritius,0.66189,1.14372,0,0,1,0,0
67,0.40672,0.17087,0.10339,0.95076,5.615,Libya,0.52304,1.06688,0,0,1,0,0
68,0.27996,0.17445,0.0889,0.95025,5.56,Latvia,0.63952,1.21788,0,0,1,0,0
69,0.29507,0.27906,0.05228,0.70697,5.546,Cyprus,0.8488,1.31857,0,0,1,0,0
70,0.46235,0.25296,0.07396,1.11111,5.538,Paraguay,0.58295,0.89373,0,0,1,0,0
71,0.36712,0.12889,0.00679,0.72803,5.528,Romania,0.67602,1.1697,0,0,1,0,0
72,0.41511,0.08423,0.18519,1.05163,5.517,Estonia,0.68098,1.27964,0,0,1,0,0
73,0.43597,0.22245,0.04294,0.96372,5.51,Jamaica,0.59469,0.89333,0,0,1,0,0
74,0.23907,0.18434,0.04002,0.60809,5.488,Croatia,0.70524,1.18649,0,0,1,0,0
75,0.48079,0.40097,0.31647,0.87021,5.458,Hong Kong,0.95277,1.5107,0,0,1,0,0
76,0.56778,0.27225,0.3118,0.33613,5.44,Somalia,0.11466,0.0,0,0,1,0,0
77,0.14396,0.27992,0.06547,0.66062,5.401,Kosovo,0.54,0.90145,0,0,1,0,0
78,0.23889,0.04707,0.12348,0.87717,5.389,Turkey,0.64718,1.16492,0,0,1,0,0
79,0.39237,0.56521,0.00322,0.87625,5.314,Indonesia,0.49374,0.95104,0,0,1,0,0
80,0.36023,0.14262,0.13297,0.86216,5.303,Jordan,0.60712,0.99673,0,0,1,0,0
81,0.35327,0.0564,0.17914,0.76042,5.291,Azerbaijan,0.54504,1.12373,0,0,1,0,0
82,0.54854,0.21674,0.11757,0.87877,5.279,Philippines,0.47036,0.81217,0,0,1,0,0
83,0.44012,0.04959,0.02745,0.79381,5.245,China,0.73561,1.0278,0,0,1,0,0
84,0.46074,0.48546,0.1616,0.90836,5.196,Bhutan,0.49759,0.8527,0,0,1,0,0
85,0.40212,0.38432,0.04762,0.95434,5.185,Kyrgyzstan,0.55449,0.56044,0,0,1,0,0
86,0.15718,0.20737,0.04339,0.81329,5.177,Serbia,0.6458,1.03437,0,0,1,0,0
87,0.09511,0.29889,0.0,0.64367,5.163,Bosnia and Herzegovina,0.70766,0.93383,0,0,1,0,0
88,0.15111,0.17191,0.12721,0.74173,5.161,Montenegro,0.63533,1.07838,0,0,1,0,0
89,0.52259,0.21286,0.12372,0.99496,5.155,Dominican Republic,0.57669,1.02787,0,0,1,0,0
90,0.25646,0.04053,0.08404,0.38595,5.151,Morocco,0.59471,0.84058,0,0,1,0,0
91,0.1977,0.099,0.04472,0.93164,5.145,Hungary,0.67608,1.24142,0,0,1,0,0
92,0.14622,0.31185,0.1388,0.26135,5.132,Pakistan,0.40306,0.68816,0,0,1,0,0
93,0.26228,0.23693,0.03061,0.64184,5.129,Lebanon,0.76171,1.12268,0,0,1,0,0
94,0.44727,0.11691,0.01521,0.94367,5.123,Portugal,0.79363,1.27607,0,0,1,0,0
95,0.27668,0.23507,0.07047,0.78236,5.121,Macedonia,0.64738,1.0193,0,0,1,0,0
96,0.55954,0.25075,0.11556,0.79117,5.061,Vietnam,0.66157,0.74037,0,0,1,0,0
97,0.3913,0.51479,0.36794,0.75862,5.057,Somaliland Region,0.33108,0.25558,0,0,1,0,0
98,0.23553,0.03936,0.0817,0.43165,5.045,Tunisia,0.59577,0.97724,0,0,1,0,0
99,0.05822,0.0,0.04127,0.75473,5.033,Greece,0.80029,1.24886,0,0,1,0,0
100,0.43408,0.25998,0.13509,0.75602,4.996,Tajikistan,0.53119,0.48835,0,0,1,0,0
101,0.35972,0.34539,0.03285,1.08983,4.907,Mongolia,0.55469,0.98853,0,0,1,0,0
102,0.52168,0.43079,0.22423,0.5497,4.876,Laos,0.38291,0.68042,0,0,1,0,0
103,0.27854,0.23219,0.0305,0.64498,4.875,Nigeria,0.05108,0.75216,0,0,1,0,0
104,0.26755,0.2044,0.06906,0.75596,4.871,Honduras,0.58383,0.69429,0,0,1,0,0
105,0.22544,0.38538,0.0557,0.38857,4.813,Iran,0.64232,1.11758,0,0,1,0,0
106,0.42662,0.17866,0.11479,0.6376,4.795,Zambia,0.23573,0.61202,0,0,1,0,0
107,0.37012,0.3816,0.07008,0.69699,4.793,Nepal,0.50073,0.44626,0,0,1,0,0
108,0.17744,0.11154,0.10613,0.71629,4.754,Palestinian Territories,0.56844,0.67024,0,0,1,0,0
109,0.31866,0.1684,0.05301,0.50163,4.655,Albania,0.73007,0.9553,0,0,1,0,0
110,0.39778,0.19132,0.12583,0.24749,4.643,Bangladesh,0.52989,0.54177,0,0,1,0,0
111,0.30685,0.23897,0.08196,0.628,4.635,Sierra Leone,0.0,0.36485,0,0,1,0,0
112,0.24856,0.19589,0.13636,0.59205,4.575,Iraq,0.51076,1.07474,0,0,1,0,0
113,0.48614,0.07795,0.10398,0.70362,4.574,Namibia,0.34745,0.93287,0,0,1,0,0
114,0.42736,0.2268,0.06126,0.62542,4.513,Cameroon,0.12698,0.52497,0,0,1,0,0
115,0.36703,0.29522,0.1717,0.37932,4.508,Ethiopia,0.34578,0.29283,0,0,1,0,0
116,0.42483,0.13656,0.08415,0.96053,4.459,South Africa,0.18611,1.02416,0,0,1,0,0
117,0.50817,0.46978,0.07964,0.84783,4.415,Sri Lanka,0.62007,0.97318,0,0,1,0,0
118,0.40285,0.25028,0.08722,0.29247,4.404,India,0.45091,0.74036,0,0,1,0,0
119,0.42692,0.81971,0.20243,0.69981,4.395,Myanmar,0.3988,0.34112,0,0,1,0,0
120,0.18847,0.12706,0.10393,0.49813,4.362,Egypt,0.52116,0.95395,0,0,1,0,0
121,0.14037,0.07793,0.03616,0.62477,4.36,Armenia,0.64083,0.86086,0,0,1,0,0
122,0.40576,0.41328,0.06686,0.7624,4.356,Kenya,0.30147,0.52267,0,0,1,0,0
123,0.12859,0.20363,0.01829,1.01413,4.324,Ukraine,0.58628,0.87287,0,0,1,0,0
124,0.40973,0.21203,0.0326,0.49353,4.276,Ghana,0.29681,0.63107,0,0,1,0,0
125,0.15602,0.25458,0.06075,0.80676,4.272,Congo (Kinshasa),0.188,0.05661,0,0,1,0,0
126,0.32461,0.06786,0.3188,0.19249,4.252,Georgia,0.64035,0.83792,0,0,1,0,0
127,0.37938,0.12077,0.09753,0.47799,4.236,Congo (Brazzaville),0.28212,0.77109,0,0,1,0,0
128,0.31056,0.19103,0.11681,0.77416,4.219,Senegal,0.40457,0.44314,0,0,1,0,0
129,0.21219,0.12793,0.00615,0.92542,4.217,Bulgaria,0.67806,1.11306,0,0,1,0,0
130,0.1268,0.22686,0.17955,0.84142,4.201,Mauritania,0.28639,0.61391,0,0,1,0,0
131,0.25429,0.18503,0.08582,0.71478,4.193,Zimbabwe,0.1595,0.35041,0,0,1,0,0
132,0.4143,0.30968,0.07564,0.147,4.156,Malawi,0.29364,0.08709,0,0,1,0,0
133,0.0,0.18077,0.10039,0.81928,4.139,Sudan,0.29759,0.63069,0,0,1,0,0
134,0.28098,0.06244,0.09314,0.72368,4.121,Gabon,0.3494,1.15851,0,0,1,0,0
135,0.27544,0.21064,0.13647,0.86333,4.073,Mali,0.16347,0.31292,0,0,1,0,0
136,0.12072,0.47958,0.14476,0.29561,4.028,Haiti,0.27494,0.34097,0,0,1,0,0
137,0.44089,0.12425,0.10769,0.89186,3.974,Botswana,0.34752,1.09426,0,0,1,0,0
138,0.15412,0.1827,0.18437,0.60323,3.956,Comoros,0.29981,0.27509,0,0,1,0,0
139,0.40663,0.20338,0.1553,0.57576,3.916,Ivory Coast,0.04476,0.55507,0,0,1,0,0
140,0.58852,0.40339,0.08092,0.5375,3.907,Cambodia,0.42494,0.55604,0,0,1,0,0
141,0.00589,0.12071,0.08434,0.66366,3.866,Angola,0.04991,0.84731,0,0,1,0,0
142,0.38041,0.2097,0.17176,0.6053,3.856,Niger,0.26162,0.1327,0,0,1,0,0
143,0.19662,0.25899,0.13015,0.18519,3.832,South Sudan,0.15781,0.39394,0,0,1,0,0
144,0.12807,0.18667,0.04952,0.63178,3.763,Chad,0.03824,0.42214,0,0,1,0,0
145,0.3337,0.24353,0.12533,0.63054,3.739,Burkina Faso,0.21297,0.31995,0,0,1,0,0
145,0.43653,0.27102,0.06442,0.90981,3.739,Uganda,0.19625,0.34719,0,0,1,0,0
147,0.2287,0.09821,0.05892,0.47493,3.724,Yemen,0.31048,0.57939,0,0,1,0,0
148,0.13684,0.2204,0.07506,0.46115,3.695,Madagascar,0.37109,0.27954,0,0,1,0,0
149,0.3176,0.31472,0.05099,0.77623,3.666,Tanzania,0.357,0.47155,0,0,1,0,0
150,0.25748,0.24063,0.04852,0.50353,3.622,Liberia,0.23165,0.10706,0,0,1,0,0
151,0.30953,0.29914,0.1192,0.3109,3.607,Guinea,0.18829,0.22415,0,0,1,0,0
152,0.5432,0.23552,0.50521,0.61586,3.515,Rwanda,0.31865,0.32846,0,0,1,0,0
153,0.39747,0.2018,0.06681,0.10419,3.484,Benin,0.21028,0.39499,0,0,1,0,0
154,0.1643,0.31268,0.07112,0.11037,3.36,Afghanistan,0.17344,0.38227,0,0,1,0,0
155,0.34678,0.17517,0.11587,0.0,3.303,Togo,0.24811,0.28123,0,0,1,0,0
156,0.06912,0.48397,0.17233,0.14866,3.069,Syria,0.62994,0.74719,0,0,1,0,0
157,0.0432,0.2029,0.09419,0.23442,2.905,Burundi,0.15747,0.06831,0,0,1,0,0
1,0.681,0.202,0.393,1.592,7.632,Finland,0.874,1.305,0,0,0,1,0
2,0.686,0.286,0.34,1.582,7.594,Norway,0.861,1.456,0,0,0,1,0
3,0.683,0.284,0.408,1.59,7.555,Denmark,0.868,1.351,0,0,0,1,0
4,0.677,0.353,0.138,1.644,7.495,Iceland,0.914,1.343,0,0,0,1,0
5,0.66,0.256,0.357,1.549,7.487,Switzerland,0.927,1.42,0,0,0,1,0
6,0.638,0.333,0.295,1.488,7.441,Netherlands,0.878,1.361,0,0,0,1,0
7,0.653,0.321,0.291,1.532,7.328,Canada,0.896,1.33,0,0,0,1,0
8,0.669,0.365,0.389,1.601,7.324,New Zealand,0.876,1.268,0,0,0,1,0
9,0.659,0.285,0.383,1.501,7.314,Sweden,0.913,1.355,0,0,0,1,0
10,0.647,0.361,0.302,1.573,7.272,Australia,0.91,1.34,0,0,0,1,0
11,0.464,0.262,0.082,1.433,7.19,United Kingdom,0.888,1.244,0,0,0,1,0
12,0.617,0.242,0.224,1.504,7.139,Austria,0.891,1.341,0,0,0,1,0
13,0.632,0.143,0.101,1.459,7.072,Costa Rica,0.817,1.01,0,0,0,1,0
14,0.614,0.307,0.306,1.583,6.977,Ireland,0.876,1.448,0,0,0,1,0
15,0.586,0.273,0.28,1.474,6.965,Germany,0.861,1.34,0,0,0,1,0
16,0.583,0.188,0.24,1.483,6.927,Belgium,0.894,1.324,0,0,0,1,0
17,0.632,0.196,0.321,1.52,6.91,Luxembourg,0.896,1.576,0,0,0,1,0
18,0.547,0.291,0.133,1.471,6.886,United States,0.819,1.398,0,0,0,1,0
19,0.533,0.354,0.272,1.559,6.814,Israel,0.883,1.301,0,0,0,1,0
21,0.543,0.064,0.034,1.489,6.711,Czech Republic,0.854,1.233,0,0,0,1,0
22,0.645,0.376,0.142,1.525,6.627,Malta,0.884,1.27,0,0,0,1,0
23,0.52,0.098,0.176,1.466,6.489,France,0.908,1.293,0,0,0,1,0
24,0.479,0.069,0.095,1.252,6.488,Mexico,0.761,1.038,0,0,0,1,0
25,0.431,0.197,0.061,1.331,6.476,Chile,0.808,1.131,0,0,0,1,0
26,0.418,0.151,0.078,1.436,6.441,Taiwan,0.857,1.365,0,0,0,1,0
27,0.597,0.125,0.063,1.438,6.43,Panama,0.759,1.112,0,0,0,1,0
28,0.493,0.11,0.088,1.474,6.419,Brazil,0.675,0.986,0,0,0,1,0
29,0.57,0.062,0.054,1.468,6.388,Argentina,0.744,1.073,0,0,0,1,0
30,0.604,0.179,0.071,1.268,6.382,Guatemala,0.608,0.781,0,0,0,1,0
31,0.625,0.13,0.155,1.459,6.379,Uruguay,0.771,1.093,0,0,0,1,0
32,0.654,0.256,0.171,1.303,6.374,Qatar,0.748,1.649,0,0,0,1,0
33,0.509,0.098,0.127,1.331,6.371,Saudi Arabia,0.633,1.379,0,0,0,1,0
34,0.631,0.261,0.457,1.451,6.343,Singapore,1.008,1.529,0,0,0,1,0
35,0.356,0.311,0.059,1.258,6.322,Malaysia,0.669,1.161,0,0,0,1,0
36,0.449,0.142,0.074,1.538,6.31,Spain,0.965,1.251,0,0,0,1,0
37,0.531,0.099,0.039,1.439,6.26,Colombia,0.635,0.96,0,0,0,1,0
38,0.575,0.171,0.019,1.492,6.192,Trinidad & Tobago,0.564,1.223,0,0,0,1,0
39,0.354,0.118,0.014,1.537,6.173,Slovakia,0.776,1.21,0,0,0,1,0
40,0.461,0.065,0.082,1.231,6.167,El Salvador,0.639,0.806,0,0,0,1,0
41,0.527,0.208,0.128,1.319,6.141,Nicaragua,0.7,0.668,0,0,0,1,0
42,0.546,0.108,0.064,1.448,6.123,Poland,0.781,1.176,0,0,0,1,0
43,0.594,0.243,0.123,1.366,6.105,Bahrain,0.698,1.338,0,0,0,1,0
44,0.724,0.328,0.259,1.584,6.096,Uzbekistan,0.605,0.719,0,0,0,1,0
45,0.554,0.167,0.106,1.301,6.083,Kuwait,0.675,1.474,0,0,0,1,0
46,0.637,0.364,0.029,1.417,6.072,Thailand,0.707,1.016,0,0,0,1,0
47,0.281,0.137,0.028,1.501,6.0,Italy,0.946,1.264,0,0,0,1,0
48,0.556,0.114,0.12,1.33,5.973,Ecuador,0.736,0.889,0,0,0,1,0
49,0.593,0.183,0.089,1.101,5.956,Belize,0.474,0.807,0,0,0,1,0
50,0.35,0.026,0.006,1.527,5.952,Lithuania,0.716,1.197,0,0,0,1,0
51,0.633,0.16,0.051,1.506,5.948,Slovenia,0.856,1.219,0,0,0,1,0
52,0.528,0.088,0.001,1.219,5.945,Romania,0.726,1.116,0,0,0,1,0
53,0.363,0.092,0.066,1.454,5.933,Latvia,0.671,1.148,0,0,0,1,0
54,0.553,0.079,0.15,1.462,5.915,Japan,0.988,1.294,0,0,0,1,0
55,0.584,0.245,0.05,1.387,5.891,Mauritius,0.684,1.09,0,0,0,1,0
56,0.575,0.096,0.031,1.493,5.89,Jamaica,0.693,0.819,0,0,0,1,0
57,0.244,0.175,0.051,1.204,5.875,South Korea,0.955,1.266,0,0,0,1,0
58,0.495,0.179,0.154,1.211,5.835,Northern Cyprus,0.909,1.229,0,0,0,1,0
59,0.399,0.065,0.025,1.479,5.81,Russia,0.599,1.151,0,0,0,1,0
60,0.454,0.148,0.121,1.516,5.79,Kazakhstan,0.631,1.143,0,0,0,1,0
61,0.423,0.202,0.035,1.191,5.762,Cyprus,0.909,1.229,0,0,0,1,0
62,0.606,0.141,0.054,1.223,5.752,Bolivia,0.508,0.751,0,0,0,1,0
63,0.553,0.086,0.174,1.532,5.739,Estonia,0.737,1.2,0,0,0,1,0
64,0.541,0.162,0.074,1.522,5.681,Paraguay,0.615,0.835,0,0,0,1,0
65,0.53,0.092,0.034,1.249,5.663,Peru,0.674,0.934,0,0,0,1,0
66,0.448,0.274,0.023,1.23,5.662,Kosovo,0.578,0.855,0,0,0,1,0
67,0.232,0.171,0.0,1.301,5.64,Moldova,0.62,0.657,0,0,0,1,0
68,0.417,0.199,0.037,1.533,5.636,Turkmenistan,0.517,1.016,0,0,0,1,0
69,0.259,0.061,0.022,1.401,5.62,Hungary,0.732,1.171,0,0,0,1,0
70,0.496,0.116,0.148,1.35,5.566,Libya,0.553,0.985,0,0,0,1,0
71,0.643,0.12,0.105,1.312,5.524,Philippines,0.513,0.775,0,0,0,1,0
72,0.459,0.197,0.074,1.205,5.504,Honduras,0.622,0.62,0,0,0,1,0
73,0.307,0.101,0.154,1.498,5.483,Belarus,0.7,1.039,0,0,0,1,0
74,0.324,0.106,0.109,1.38,5.483,Turkey,0.686,1.148,0,0,0,1,0
75,0.334,0.216,0.113,0.81,5.472,Pakistan,0.424,0.652,0,0,0,1,0
76,0.524,0.246,0.291,1.29,5.43,Hong Kong,1.03,1.405,0,0,0,1,0
77,0.562,0.055,0.017,1.429,5.41,Portugal,0.884,1.188,0,0,0,1,0
78,0.288,0.134,0.043,1.369,5.398,Serbia,0.685,0.975,0,0,0,1,0
79,0.131,0.0,0.044,1.202,5.358,Greece,0.879,1.154,0,0,0,1,0
80,0.503,0.214,0.136,1.179,5.358,Lebanon,0.785,0.965,0,0,0,1,0
81,0.259,0.111,0.081,1.279,5.347,Montenegro,0.729,1.017,0,0,0,1,0
82,0.38,0.12,0.039,1.161,5.321,Croatia,0.737,1.115,0,0,0,1,0
83,0.578,0.12,0.106,1.441,5.302,Dominican Republic,0.614,0.982,0,0,0,1,0
84,0.077,0.055,0.135,1.154,5.295,Algeria,0.687,0.979,0,0,0,1,0
85,0.46,0.026,0.074,0.797,5.254,Morocco,0.669,0.779,0,0,0,1,0
86,0.597,0.029,0.103,1.142,5.246,China,0.799,0.989,0,0,0,1,0
87,0.43,0.031,0.176,1.161,5.201,Azerbaijan,0.603,1.024,0,0,0,1,0
88,0.292,0.187,0.034,1.166,5.199,Tajikistan,0.598,0.474,0,0,0,1,0
89,0.394,0.173,0.052,1.239,5.185,Macedonia,0.691,0.959,0,0,0,1,0
90,0.468,0.13,0.134,1.265,5.161,Jordan,0.645,0.822,0,0,0,1,0
91,0.462,0.201,0.032,1.172,5.155,Nigeria,0.048,0.689,0,0,0,1,0
92,0.54,0.281,0.035,1.416,5.131,Kyrgyzstan,0.594,0.53,0,0,0,1,0
93,0.28,0.216,0.0,1.078,5.129,Bosnia and Herzegovina,0.758,0.915,0,0,0,1,0
94,0.395,0.253,0.032,1.517,5.125,Mongolia,0.575,0.914,0,0,0,1,0
95,0.618,0.177,0.079,1.365,5.103,Vietnam,0.702,0.715,0,0,0,1,0
96,0.538,0.484,0.018,1.215,5.093,Indonesia,0.522,0.899,0,0,0,1,0
97,0.541,0.364,0.171,1.335,5.082,Bhutan,0.527,0.796,0,0,0,1,0
98,0.674,0.238,0.282,0.712,4.982,Somalia,0.115,0.0,0,0,0,1,0
99,0.454,0.183,0.043,0.891,4.975,Cameroon,0.182,0.535,0,0,0,1,0
100,0.359,0.064,0.009,1.515,4.933,Bulgaria,0.712,1.054,0,0,0,1,0
101,0.526,0.302,0.078,1.228,4.88,Nepal,0.539,0.425,0,0,0,1,0
102,0.133,0.056,0.052,1.469,4.806,Venezuela,0.657,0.996,0,0,0,1,0
103,0.356,0.032,0.052,1.164,4.758,Gabon,0.404,1.036,0,0,0,1,0
104,0.266,0.086,0.076,1.217,4.743,Palestinian Territories,0.602,0.642,0,0,0,1,0
105,0.516,0.103,0.056,1.41,4.724,South Africa,0.33,0.94,0,0,0,1,0
106,0.459,0.282,0.129,0.771,4.707,Iran,0.691,1.059,0,0,0,1,0
107,0.467,0.146,0.103,0.872,4.671,Ivory Coast,0.08,0.541,0,0,0,1,0
108,0.499,0.212,0.029,0.896,4.657,Ghana,0.337,0.592,0,0,0,1,0
109,0.406,0.138,0.082,1.117,4.631,Senegal,0.433,0.429,0,0,0,1,0
110,0.626,0.23,0.174,1.034,4.623,Laos,0.441,0.72,0,0,0,1,0
111,0.271,0.04,0.063,0.906,4.592,Tunisia,0.69,0.9,0,0,0,1,0
112,0.419,0.149,0.032,0.817,4.586,Albania,0.79,0.916,0,0,0,1,0
113,0.355,0.238,0.053,0.813,4.571,Sierra Leone,0.0,0.256,0,0,0,1,0
114,0.514,0.091,0.077,0.811,4.559,Congo (Brazzaville),0.343,0.682,0,0,0,1,0
115,0.58,0.153,0.144,0.85,4.5,Bangladesh,0.579,0.532,0,0,0,1,0
116,0.585,0.307,0.05,1.314,4.471,Sri Lanka,0.672,0.918,0,0,0,1,0
117,0.304,0.148,0.095,0.971,4.456,Iraq,0.536,1.01,0,0,0,1,0
118,0.367,0.139,0.056,1.233,4.447,Mali,0.152,0.37,0,0,0,1,0
119,0.519,0.051,0.064,1.281,4.441,Namibia,0.365,0.874,0,0,0,1,0
120,0.696,0.256,0.065,1.088,4.433,Cambodia,0.457,0.549,0,0,0,1,0
121,0.312,0.175,0.128,1.097,4.424,Burkina Faso,0.254,0.314,0,0,0,1,0
122,0.312,0.092,0.107,1.025,4.419,Egypt,0.553,0.885,0,0,0,1,0
123,0.531,0.206,0.158,0.902,4.417,Mozambique,0.173,0.198,0,0,0,1,0
124,0.504,0.352,0.055,1.048,4.41,Kenya,0.454,0.493,0,0,0,1,0
125,0.503,0.221,0.082,1.047,4.377,Zambia,0.295,0.562,0,0,0,1,0
126,0.129,0.134,0.093,1.245,4.356,Mauritania,0.292,0.557,0,0,0,1,0
127,0.452,0.22,0.146,0.95,4.35,Ethiopia,0.391,0.308,0,0,0,1,0
128,0.375,0.038,0.215,0.592,4.34,Georgia,0.643,0.853,0,0,0,1,0
129,0.26,0.077,0.028,0.99,4.321,Armenia,0.666,0.816,0,0,0,1,0
130,0.58,0.598,0.178,1.174,4.308,Myanmar,0.429,0.682,0,0,0,1,0
131,0.189,0.181,0.06,0.907,4.301,Chad,0.053,0.358,0,0,0,1,0
132,0.312,0.197,0.052,1.136,4.245,Congo (Kinshasa),0.204,0.069,0,0,0,1,0
133,0.539,0.172,0.093,0.747,4.19,India,0.485,0.721,0,0,0,1,0
134,0.39,0.175,0.099,0.867,4.166,Niger,0.221,0.131,0,0,0,1,0
135,0.45,0.259,0.061,1.09,4.161,Uganda,0.237,0.322,0,0,0,1,0
136,0.44,0.163,0.067,0.372,4.141,Benin,0.24,0.378,0,0,0,1,0
137,0.016,0.134,0.082,1.24,4.139,Sudan,0.312,0.605,0,0,0,1,0
138,0.163,0.187,0.011,1.413,4.103,Ukraine,0.609,0.793,0,0,0,1,0
139,0.434,0.158,0.101,0.474,3.999,Togo,0.253,0.259,0,0,0,1,0
140,0.394,0.185,0.094,0.792,3.964,Guinea,0.211,0.344,0,0,0,1,0
141,0.423,0.116,0.112,1.215,3.808,Lesotho,0.079,0.472,0,0,0,1,0
142,0.0,0.079,0.061,1.125,3.795,Angola,0.269,0.73,0,0,0,1,0
143,0.221,0.155,0.049,0.908,3.774,Madagascar,0.402,0.262,0,0,0,1,0
144,0.406,0.132,0.099,1.094,3.692,Zimbabwe,0.248,0.357,0,0,0,1,0
145,0.085,0.191,0.036,0.537,3.632,Afghanistan,0.255,0.332,0,0,0,1,0
146,0.557,0.042,0.092,1.174,3.59,Botswana,0.417,1.017,0,0,0,1,0
147,0.531,0.21,0.08,0.541,3.587,Malawi,0.306,0.186,0,0,0,1,0
148,0.025,0.392,0.104,0.714,3.582,Haiti,0.289,0.315,0,0,0,1,0
149,0.419,0.206,0.03,0.858,3.495,Liberia,0.267,0.076,0,0,0,1,0
150,0.088,0.376,0.144,0.382,3.462,Syria,0.539,0.689,0,0,0,1,0
151,0.636,0.2,0.444,0.896,3.408,Rwanda,0.4,0.332,0,0,0,1,0
152,0.244,0.083,0.064,1.073,3.355,Yemen,0.343,0.442,0,0,0,1,0
153,0.481,0.27,0.097,0.991,3.303,Tanzania,0.381,0.455,0,0,0,1,0
154,0.112,0.224,0.106,0.608,3.254,South Sudan,0.177,0.337,0,0,0,1,0
155,0.305,0.218,0.038,0.0,3.083,Central African Republic,0.01,0.024,0,0,0,1,0
156,0.065,0.149,0.076,0.627,2.905,Burundi,0.145,0.091,0,0,0,1,0
1,0.596,0.153,0.393,1.587,7.769,Finland,0.986,1.34,0,0,0,0,1
2,0.592,0.252,0.41,1.573,7.6,Denmark,0.996,1.383,0,0,0,0,1
3,0.603,0.271,0.341,1.582,7.554,Norway,1.028,1.488,0,0,0,0,1
4,0.591,0.354,0.118,1.624,7.494,Iceland,1.026,1.38,0,0,0,0,1
5,0.557,0.322,0.298,1.522,7.488,Netherlands,0.999,1.396,0,0,0,0,1
6,0.572,0.263,0.343,1.526,7.48,Switzerland,1.052,1.452,0,0,0,0,1
7,0.574,0.267,0.373,1.487,7.343,Sweden,1.009,1.387,0,0,0,0,1
8,0.585,0.33,0.38,1.557,7.307,New Zealand,1.026,1.303,0,0,0,0,1
9,0.584,0.285,0.308,1.505,7.278,Canada,1.039,1.365,0,0,0,0,1
10,0.532,0.244,0.226,1.475,7.246,Austria,1.016,1.376,0,0,0,0,1
11,0.557,0.332,0.29,1.548,7.228,Australia,1.036,1.372,0,0,0,0,1
12,0.558,0.144,0.093,1.441,7.167,Costa Rica,0.963,1.034,0,0,0,0,1
13,0.371,0.261,0.082,1.455,7.139,Israel,1.029,1.276,0,0,0,0,1
14,0.526,0.194,0.316,1.479,7.09,Luxembourg,1.012,1.609,0,0,0,0,1
15,0.45,0.348,0.278,1.538,7.054,United Kingdom,0.996,1.333,0,0,0,0,1
16,0.516,0.298,0.31,1.553,7.021,Ireland,0.999,1.499,0,0,0,0,1
17,0.495,0.261,0.265,1.454,6.985,Germany,0.987,1.373,0,0,0,0,1
18,0.473,0.16,0.21,1.504,6.923,Belgium,0.986,1.356,0,0,0,0,1
19,0.454,0.28,0.128,1.457,6.892,United States,0.874,1.433,0,0,0,0,1
20,0.457,0.046,0.036,1.487,6.852,Czech Republic,0.92,1.269,0,0,0,0,1
21,0.598,0.262,0.182,1.31,6.825,United Arab Emirates,0.825,1.503,0,0,0,0,1
22,0.564,0.375,0.151,1.52,6.726,Malta,0.999,1.3,0,0,0,0,1
23,0.433,0.074,0.073,1.323,6.595,Mexico,0.861,1.07,0,0,0,0,1
24,0.436,0.111,0.183,1.472,6.592,France,1.045,1.324,0,0,0,0,1
25,0.351,0.242,0.097,1.43,6.446,Taiwan,0.914,1.368,0,0,0,0,1
26,0.357,0.187,0.056,1.369,6.444,Chile,0.92,1.159,0,0,0,0,1
27,0.535,0.175,0.078,1.269,6.436,Guatemala,0.746,0.8,0,0,0,0,1
28,0.439,0.08,0.132,1.357,6.375,Saudi Arabia,0.795,1.403,0,0,0,0,1
29,0.555,0.22,0.167,1.313,6.374,Qatar,0.871,1.684,0,0,0,0,1
30,0.362,0.153,0.079,1.484,6.354,Spain,1.062,1.286,0,0,0,0,1
31,0.516,0.109,0.054,1.442,6.321,Panama,0.91,1.149,0,0,0,0,1
32,0.39,0.099,0.086,1.439,6.3,Brazil,0.802,1.004,0,0,0,0,1
33,0.523,0.127,0.15,1.465,6.293,Uruguay,0.891,1.124,0,0,0,0,1
34,0.556,0.271,0.453,1.463,6.262,Singapore,1.141,1.572,0,0,0,0,1
35,0.43,0.093,0.074,1.242,6.253,El Salvador,0.789,0.794,0,0,0,0,1
36,0.231,0.158,0.03,1.488,6.223,Italy,1.039,1.294,0,0,0,0,1
37,0.536,0.255,0.11,1.368,6.199,Bahrain,0.871,1.362,0,0,0,0,1
38,0.334,0.121,0.014,1.504,6.198,Slovakia,0.881,1.246,0,0,0,0,1
39,0.489,0.185,0.016,1.477,6.192,Trinidad & Tobago,0.713,1.231,0,0,0,0,1
40,0.483,0.117,0.05,1.438,6.182,Poland,0.884,1.206,0,0,0,0,1
41,0.631,0.322,0.24,1.529,6.174,Uzbekistan,0.756,0.745,0,0,0,0,1
42,0.291,0.043,0.042,1.515,6.149,Lithuania,0.818,1.238,0,0,0,0,1
43,0.47,0.099,0.034,1.41,6.125,Colombia,0.841,0.985,0,0,0,0,1
44,0.564,0.144,0.057,1.523,6.118,Slovenia,0.953,1.258,0,0,0,0,1
45,0.435,0.2,0.127,1.325,6.105,Nicaragua,0.835,0.694,0,0,0,0,1
46,0.489,0.262,0.006,1.232,6.1,Kosovo,0.758,0.882,0,0,0,0,1
47,0.471,0.066,0.05,1.432,6.086,Argentina,0.881,1.092,0,0,0,0,1
48,0.462,0.083,0.005,1.232,6.07,Romania,0.825,1.162,0,0,0,0,1
49,0.406,0.19,0.041,1.223,6.046,Cyprus,1.042,1.263,0,0,0,0,1
50,0.498,0.126,0.087,1.312,6.028,Ecuador,0.868,0.912,0,0,0,0,1
51,0.493,0.142,0.097,1.319,6.021,Kuwait,0.808,1.5,0,0,0,0,1
52,0.557,0.359,0.028,1.409,6.008,Thailand,0.828,1.05,0,0,0,0,1
53,0.264,0.075,0.064,1.465,5.94,Latvia,0.812,1.187,0,0,0,0,1
54,0.159,0.175,0.056,1.219,5.895,South Korea,1.036,1.301,0,0,0,0,1
55,0.495,0.103,0.161,1.528,5.893,Estonia,0.874,1.237,0,0,0,0,1
56,0.49,0.107,0.028,1.478,5.89,Jamaica,0.831,0.831,0,0,0,0,1
57,0.498,0.215,0.06,1.402,5.888,Mauritius,0.798,1.12,0,0,0,0,1
58,0.445,0.069,0.14,1.419,5.886,Japan,1.088,1.327,0,0,0,0,1
59,0.507,0.246,0.078,1.236,5.86,Honduras,0.828,0.642,0,0,0,0,1
60,0.41,0.146,0.096,1.508,5.809,Kazakhstan,0.729,1.173,0,0,0,0,1
61,0.511,0.137,0.064,1.209,5.779,Bolivia,0.706,0.776,0,0,0,0,1
62,0.199,0.081,0.02,1.41,5.758,Hungary,0.828,1.201,0,0,0,0,1
63,0.514,0.184,0.08,1.475,5.743,Paraguay,0.777,0.855,0,0,0,0,1
64,0.417,0.191,0.162,1.252,5.718,Northern Cyprus,1.042,1.263,0,0,0,0,1
65,0.455,0.083,0.027,1.274,5.697,Peru,0.854,0.96,0,0,0,0,1
66,0.508,0.047,0.025,1.431,5.693,Portugal,0.999,1.221,0,0,0,0,1
67,0.313,0.22,0.098,0.886,5.653,Pakistan,0.535,0.677,0,0,0,0,1
68,0.334,0.082,0.031,1.452,5.648,Russia,0.726,1.183,0,0,0,0,1
69,0.558,0.117,0.107,1.293,5.631,Philippines,0.657,0.807,0,0,0,0,1
70,0.282,0.137,0.039,1.383,5.603,Serbia,0.854,1.004,0,0,0,0,1
71,0.245,0.181,0.0,1.328,5.529,Moldova,0.739,0.685,0,0,0,0,1
72,0.416,0.133,0.152,1.303,5.525,Libya,0.673,1.044,0,0,0,0,1
73,0.197,0.142,0.08,1.361,5.523,Montenegro,0.871,1.051,0,0,0,0,1
74,0.389,0.23,0.144,1.098,5.467,Tajikistan,0.718,0.493,0,0,0,0,1
75,0.296,0.119,0.022,1.266,5.432,Croatia,0.914,1.155,0,0,0,0,1
76,0.44,0.258,0.287,1.277,5.43,Hong Kong,1.122,1.438,0,0,0,0,1
77,0.497,0.113,0.101,1.401,5.425,Dominican Republic,0.779,1.015,0,0,0,0,1
78,0.212,0.263,0.006,1.212,5.386,Bosnia and Herzegovina,0.845,0.945,0,0,0,0,1
79,0.195,0.083,0.106,1.36,5.373,Turkey,0.808,1.183,0,0,0,0,1
80,0.508,0.26,0.024,1.171,5.339,Malaysia,0.828,1.221,0,0,0,0,1
81,0.235,0.094,0.142,1.465,5.323,Belarus,0.789,1.067,0,0,0,0,1
82,0.067,0.0,0.034,1.156,5.287,Greece,0.999,1.181,0,0,0,0,1
83,0.317,0.235,0.038,1.531,5.285,Mongolia,0.667,0.948,0,0,0,0,1
84,0.345,0.185,0.034,1.294,5.274,North Macedonia,0.838,0.983,0,0,0,0,1
85,0.426,0.215,0.041,1.111,5.265,Nigeria,0.245,0.696,0,0,0,0,1
86,0.508,0.3,0.023,1.438,5.261,Kyrgyzstan,0.723,0.551,0,0,0,0,1
87,0.394,0.244,0.028,1.538,5.247,Turkmenistan,0.657,1.052,0,0,0,0,1
88,0.086,0.073,0.114,1.16,5.211,Algeria,0.785,1.002,0,0,0,0,1
89,0.418,0.036,0.076,0.782,5.208,Morocco,0.782,0.801,0,0,0,0,1
90,0.351,0.035,0.182,1.147,5.208,Azerbaijan,0.769,1.043,0,0,0,0,1
91,0.216,0.166,0.027,1.224,5.197,Lebanon,0.815,0.987,0,0,0,0,1
92,0.491,0.498,0.028,1.203,5.192,Indonesia,0.66,0.931,0,0,0,0,1
93,0.521,0.058,0.1,1.125,5.191,China,0.893,1.029,0,0,0,0,1
94,0.543,0.147,0.073,1.346,5.175,Vietnam,0.851,0.741,0,0,0,0,1
95,0.457,0.37,0.167,1.321,5.082,Bhutan,0.604,0.813,0,0,0,0,1
96,0.381,0.187,0.037,0.91,5.044,Cameroon,0.331,0.549,0,0,0,0,1
97,0.311,0.081,0.004,1.513,5.011,Bulgaria,0.815,1.092,0,0,0,0,1
98,0.381,0.245,0.04,0.868,4.996,Ghana,0.486,0.611,0,0,0,0,1
99,0.352,0.154,0.09,0.808,4.944,Ivory Coast,0.232,0.569,0,0,0,0,1
100,0.439,0.285,0.089,1.226,4.913,Nepal,0.677,0.446,0,0,0,0,1
101,0.383,0.11,0.13,1.225,4.906,Jordan,0.815,0.837,0,0,0,0,1
102,0.349,0.175,0.082,0.437,4.883,Benin,0.397,0.393,0,0,0,0,1
103,0.372,0.105,0.093,0.799,4.812,Congo (Brazzaville),0.508,0.673,0,0,0,0,1
104,0.295,0.043,0.055,1.183,4.799,Gabon,0.571,1.057,0,0,0,0,1
105,0.547,0.266,0.164,1.03,4.796,Laos,0.551,0.764,0,0,0,0,1
106,0.389,0.13,0.055,1.351,4.722,South Africa,0.469,0.96,0,0,0,0,1
107,0.383,0.178,0.027,0.848,4.719,Albania,0.874,0.947,0,0,0,0,1
108,0.154,0.064,0.047,1.427,4.707,Venezuela,0.805,0.96,0,0,0,0,1
109,0.609,0.232,0.062,1.122,4.7,Cambodia,0.637,0.574,0,0,0,0,1
110,0.225,0.103,0.066,1.247,4.696,Palestinian Territories,0.672,0.657,0,0,0,0,1
111,0.292,0.153,0.072,1.134,4.681,Senegal,0.571,0.45,0,0,0,0,1
112,0.559,0.243,0.27,0.698,4.668,Somalia,0.268,0.0,0,0,0,0,1
113,0.401,0.07,0.056,1.313,4.639,Namibia,0.477,0.879,0,0,0,0,1
114,0.318,0.188,0.102,0.774,4.628,Niger,0.366,0.138,0,0,0,0,1
115,0.255,0.177,0.113,1.056,4.587,Burkina Faso,0.38,0.331,0,0,0,0,1
116,0.283,0.095,0.064,1.055,4.559,Armenia,0.815,0.85,0,0,0,0,1
117,0.305,0.27,0.125,0.842,4.548,Iran,0.785,1.1,0,0,0,0,1
118,0.332,0.207,0.086,0.829,4.534,Guinea,0.375,0.38,0,0,0,0,1
119,0.346,0.043,0.164,0.666,4.519,Georgia,0.752,0.886,0,0,0,0,1
120,0.382,0.269,0.167,0.939,4.516,Gambia,0.428,0.308,0,0,0,0,1
121,0.431,0.372,0.053,0.983,4.509,Kenya,0.581,0.512,0,0,0,0,1
122,0.066,0.106,0.088,1.167,4.49,Mauritania,0.489,0.57,0,0,0,0,1
123,0.494,0.197,0.138,0.986,4.466,Mozambique,0.39,0.204,0,0,0,0,1
124,0.167,0.059,0.055,1.0,4.461,Tunisia,0.815,0.921,0,0,0,0,1
125,0.527,0.166,0.143,0.928,4.456,Bangladesh,0.723,0.562,0,0,0,0,1
126,0.241,0.148,0.089,0.98,4.437,Iraq,0.574,1.043,0,0,0,0,1
127,0.269,0.212,0.053,1.125,4.418,Congo (Kinshasa),0.357,0.094,0,0,0,0,1
128,0.327,0.153,0.052,1.105,4.39,Mali,0.308,0.385,0,0,0,0,1
129,0.309,0.252,0.045,0.841,4.374,Sierra Leone,0.242,0.268,0,0,0,0,1
130,0.47,0.244,0.047,1.265,4.366,Sri Lanka,0.831,0.949,0,0,0,0,1
131,0.525,0.566,0.172,1.181,4.36,Myanmar,0.555,0.71,0,0,0,0,1
132,0.174,0.198,0.078,0.766,4.35,Chad,0.192,0.35,0,0,0,0,1
133,0.178,0.187,0.01,1.39,4.332,Ukraine,0.739,0.82,0,0,0,0,1
134,0.344,0.209,0.1,1.033,4.286,Ethiopia,0.532,0.336,0,0,0,0,1
135,0.313,0.074,0.135,1.149,4.212,Swaziland,0.0,0.811,0,0,0,0,1
136,0.356,0.252,0.06,1.069,4.189,Uganda,0.443,0.332,0,0,0,0,1
137,0.241,0.076,0.067,1.039,4.166,Egypt,0.644,0.913,0,0,0,0,1
138,0.431,0.247,0.087,1.058,4.107,Zambia,0.426,0.578,0,0,0,0,1
139,0.293,0.177,0.085,0.572,4.085,Togo,0.41,0.275,0,0,0,0,1
140,0.498,0.2,0.085,0.765,4.015,India,0.588,0.755,0,0,0,0,1
141,0.37,0.233,0.033,0.922,3.975,Liberia,0.443,0.073,0,0,0,0,1
142,0.142,0.275,0.078,0.757,3.973,Comoros,0.505,0.274,0,0,0,0,1
143,0.148,0.169,0.041,0.916,3.933,Madagascar,0.555,0.274,0,0,0,0,1
144,0.359,0.107,0.093,1.169,3.802,Lesotho,0.168,0.489,0,0,0,0,1
145,0.22,0.176,0.18,0.447,3.775,Burundi,0.38,0.046,0,0,0,0,1
146,0.361,0.151,0.089,1.114,3.663,Zimbabwe,0.433,0.366,0,0,0,0,1
147,0.026,0.419,0.11,0.688,3.597,Haiti,0.449,0.323,0,0,0,0,1
148,0.455,0.025,0.1,1.145,3.488,Botswana,0.538,1.041,0,0,0,0,1
149,0.013,0.331,0.141,0.378,3.462,Syria,0.44,0.619,0,0,0,0,1
150,0.443,0.218,0.089,0.56,3.41,Malawi,0.495,0.191,0,0,0,0,1
151,0.143,0.108,0.077,1.163,3.38,Yemen,0.463,0.287,0,0,0,0,1
152,0.555,0.217,0.411,0.711,3.334,Rwanda,0.614,0.359,0,0,0,0,1
153,0.417,0.276,0.147,0.885,3.231,Tanzania,0.499,0.476,0,0,0,0,1
154,0.0,0.158,0.025,0.517,3.203,Afghanistan,0.361,0.35,0,0,0,0,1
155,0.225,0.235,0.035,0.0,3.083,Central African Republic,0.105,0.026,0,0,0,0,1
156,0.01,0.202,0.091,0.575,2.853,South Sudan,0.295,0.306,0,0,0,0,1
